"id","tipo_cotizacion_id","fecha","valor_pesos"
1,3,"2026-01-01",1501.74
2,3,"2026-01-02",1477.21
3,1,"2026-01-03",1426.65
4,3,"2026-01-04",1456.87
5,3,"2026-01-05",1617.36
6,1,"2026-01-06",1482.5
7,2,"2026-01-07",1718.17
8,1,"2026-01-08",1471.7
9,2,"2026-01-09",1781.3
10,1,"2026-01-10",1638.05
11,3,"2026-01-11",1440.92
12,2,"2026-01-12",1408.55
13,3,"2026-01-13",1726.66
14,1,"2026-01-14",1557.84
15,3,"2026-01-15",1745.91
16,1,"2026-01-16",1761.95
17,3,"2026-01-17",1735.24
18,2,"2026-01-18",1527.9
19,3,"2026-01-19",1744.33
20,1,"2026-01-20",1739.2
21,2,"2026-01-21",1512.0
22,3,"2026-01-22",1742.83
23,1,"2026-01-23",1721.9
24,1,"2026-01-24",1450.8
25,2,"2026-01-25",1738.77
26,1,"2026-01-26",1561.63
27,2,"2026-01-27",1561.24
28,2,"2026-01-28",1516.19
29,3,"2026-01-29",1531.52
30,2,"2026-01-30",1642.47
31,3,"2026-01-31",1406.31
32,1,"2026-02-01",1549.4
33,2,"2026-02-02",1423.55
34,3,"2026-02-03",1604.49
35,2,"2026-02-04",1463.0
36,3,"2026-02-05",1609.5
37,1,"2026-02-06",1403.66
38,3,"2026-02-07",1462.64
39,3,"2026-02-08",1742.69
40,3,"2026-02-09",1622.72
41,2,"2026-02-10",1588.56
42,3,"2026-02-11",1614.64
43,3,"2026-02-12",1527.34
44,1,"2026-02-13",1761.39
45,3,"2026-02-14",1417.8
46,3,"2026-02-15",1512.68
47,3,"2026-02-16",1673.58
48,1,"2026-02-17",1417.0
49,2,"2026-02-18",1763.33
50,3,"2026-02-19",1551.74
51,1,"2026-02-20",1783.44
52,2,"2026-02-21",1653.33
53,2,"2026-02-22",1426.82
54,1,"2026-02-23",1739.29
55,3,"2026-02-24",1471.08
56,1,"2026-02-25",1717.94
57,3,"2026-02-26",1464.74
58,3,"2026-02-27",1770.53
59,2,"2026-02-28",1755.64
60,2,"2026-03-01",1473.58
61,1,"2026-03-02",1573.51
62,1,"2026-03-03",1442.42
63,1,"2026-03-04",1614.19
64,3,"2026-03-05",1457.71
65,2,"2026-03-06",1757.43
66,3,"2026-03-07",1492.98
67,1,"2026-03-08",1652.66
68,1,"2026-03-09",1689.86
69,2,"2026-03-10",1410.63
70,3,"2026-03-11",1618.34
71,3,"2026-03-12",1657.85
72,3,"2026-03-13",1637.7
73,1,"2026-03-14",1747.07
74,1,"2026-03-15",1689.0
75,2,"2026-03-16",1750.6
76,2,"2026-03-17",1602.28
77,1,"2026-03-18",1756.04
78,1,"2026-03-19",1445.65
79,1,"2026-03-20",1424.25
80,3,"2026-03-21",1424.77
81,3,"2026-03-22",1460.75
82,1,"2026-03-23",1405.41
83,1,"2026-03-24",1577.84
84,1,"2026-03-25",1560.99
85,1,"2026-03-26",1574.8
86,3,"2026-03-27",1567.95
87,1,"2026-03-28",1628.3
88,1,"2026-03-29",1557.17
89,1,"2026-03-30",1489.66
90,2,"2026-03-31",1795.09
91,2,"2026-04-01",1490.27
92,2,"2026-04-02",1521.25
93,2,"2026-04-03",1673.08
94,1,"2026-04-04",1729.3
95,1,"2026-04-05",1604.37
96,2,"2026-04-06",1449.78
97,2,"2026-04-07",1756.83
98,2,"2026-04-08",1608.4
99,1,"2026-04-09",1484.58
100,3,"2026-04-10",1569.96
101,2,"2026-04-11",1443.17
102,2,"2026-04-12",1675.19
103,3,"2026-04-13",1680.35
104,2,"2026-04-14",1657.13
105,3,"2026-04-15",1753.77
106,1,"2026-04-16",1444.25
107,3,"2026-04-17",1606.18
108,3,"2026-04-18",1745.55
109,1,"2026-04-19",1537.14
110,1,"2026-04-20",1673.2
111,3,"2026-04-21",1688.2
112,3,"2026-04-22",1615.95
113,1,"2026-04-23",1621.95
114,3,"2026-04-24",1587.33
115,1,"2026-04-25",1451.23
116,3,"2026-04-26",1555.88
117,2,"2026-04-27",1505.04
118,1,"2026-04-28",1733.09
119,3,"2026-04-29",1539.46
120,1,"2026-04-30",1720.07
121,2,"2026-05-01",1785.71
122,1,"2026-05-02",1563.79
123,3,"2026-05-03",1764.73
124,1,"2026-05-04",1704.68
125,1,"2026-05-05",1695.79
126,1,"2026-05-06",1694.97
127,2,"2026-05-07",1718.47
128,3,"2026-05-08",1798.63
129,1,"2026-05-09",1780.1
130,3,"2026-05-10",1630.56
131,2,"2026-05-11",1673.76
132,2,"2026-05-12",1553.23
133,1,"2026-05-13",1693.09
134,2,"2026-05-14",1578.23
135,3,"2026-05-15",1489.08
136,1,"2026-05-16",1548.27
137,2,"2026-05-17",1625.48
138,3,"2026-05-18",1528.16
139,3,"2026-05-19",1571.51
140,3,"2026-05-20",1548.54
141,3,"2026-05-21",1766.33
142,1,"2026-05-22",1693.94
143,3,"2026-05-23",1416.4
144,3,"2026-05-24",1750.62
145,2,"2026-05-25",1551.98
146,2,"2026-05-26",1469.71
147,3,"2026-05-27",1467.14
148,3,"2026-05-28",1766.32
149,3,"2026-05-29",1641.43
150,2,"2026-05-30",1752.26
151,3,"2026-05-31",1418.16
152,2,"2026-06-01",1792.45
153,1,"2026-06-02",1747.36
154,1,"2026-06-03",1618.25
155,1,"2026-06-04",1629.93
156,1,"2026-06-05",1525.49
157,1,"2026-06-06",1744.05
158,2,"2026-06-07",1578.7
159,2,"2026-06-08",1439.29
160,1,"2026-06-09",1756.93
161,1,"2026-06-10",1551.3
162,1,"2026-06-11",1729.41
163,2,"2026-06-12",1522.21
164,3,"2026-06-13",1510.42
165,2,"2026-06-14",1604.14
166,2,"2026-06-15",1483.01
167,2,"2026-06-16",1660.29
168,2,"2026-06-17",1632.9
169,2,"2026-06-18",1500.98
170,2,"2026-06-19",1722.03
171,3,"2026-06-20",1559.3
172,3,"2026-06-21",1485.26
173,2,"2026-06-22",1449.43
174,1,"2026-06-23",1731.13
175,3,"2026-06-24",1777.17
176,3,"2026-06-25",1725.94
177,1,"2026-06-26",1615.19
178,1,"2026-06-27",1491.69
179,1,"2026-06-28",1456.51
180,1,"2026-06-29",1796.29
181,1,"2026-06-30",1526.31
182,3,"2026-07-01",1474.99
183,3,"2026-07-02",1491.01
184,2,"2026-07-03",1608.03
185,1,"2026-07-04",1573.85
186,2,"2026-07-05",1602.42
187,1,"2026-07-06",1764.39
188,1,"2026-07-07",1462.6
189,1,"2026-07-08",1598.97
190,2,"2026-07-09",1741.9
191,1,"2026-07-10",1428.39
192,1,"2026-07-11",1608.37
193,3,"2026-07-12",1461.78
194,2,"2026-07-13",1706.05
195,1,"2026-07-14",1674.83
196,1,"2026-07-15",1761.74
197,1,"2026-07-16",1495.17
198,1,"2026-07-17",1761.14
199,1,"2026-07-18",1694.89
200,1,"2026-07-19",1582.2
201,1,"2026-07-20",1468.77
202,3,"2026-07-21",1543.49
203,2,"2026-07-22",1666.37
204,3,"2026-07-23",1746.49
205,3,"2026-07-24",1771.11
206,3,"2026-07-25",1668.38
207,2,"2026-07-26",1535.05
208,2,"2026-07-27",1516.58
209,2,"2026-07-28",1511.67
210,1,"2026-07-29",1446.76
211,2,"2026-07-30",1532.43
212,2,"2026-07-31",1760.45
213,2,"2026-08-01",1646.11
214,2,"2026-08-02",1694.23
215,1,"2026-08-03",1778.66
216,2,"2026-08-04",1626.47
217,2,"2026-08-05",1448.15
218,3,"2026-08-06",1747.64
219,2,"2026-08-07",1408.75
220,1,"2026-08-08",1608.67
221,1,"2026-08-09",1677.56
222,1,"2026-08-10",1452.33
223,2,"2026-08-11",1729.47
224,3,"2026-08-12",1563.74
225,2,"2026-08-13",1725.26
226,1,"2026-08-14",1738.88
227,3,"2026-08-15",1759.61
228,1,"2026-08-16",1501.79
229,3,"2026-08-17",1463.45
230,3,"2026-08-18",1704.18
231,2,"2026-08-19",1580.7
232,1,"2026-08-20",1604.5
233,1,"2026-08-21",1672.35
234,3,"2026-08-22",1717.06
235,2,"2026-08-23",1411.73
236,2,"2026-08-24",1403.68
237,2,"2026-08-25",1652.37
238,1,"2026-08-26",1666.27
239,2,"2026-08-27",1484.47
240,1,"2026-08-28",1417.58
241,3,"2026-08-29",1512.42
242,2,"2026-08-30",1672.32
243,3,"2026-08-31",1722.55
244,3,"2026-09-01",1457.85
245,3,"2026-09-02",1776.94
246,3,"2026-09-03",1475.73
247,3,"2026-09-04",1785.21
248,1,"2026-09-05",1572.89
249,2,"2026-09-06",1710.69
250,3,"2026-09-07",1656.01
251,1,"2026-09-08",1605.19
252,1,"2026-09-09",1761.93
253,3,"2026-09-10",1442.42
254,1,"2026-09-11",1424.84
255,2,"2026-09-12",1500.52
256,1,"2026-09-13",1495.89
257,1,"2026-09-14",1565.99
258,2,"2026-09-15",1567.55
259,1,"2026-09-16",1435.88
260,1,"2026-09-17",1660.7
261,1,"2026-09-18",1707.12
262,1,"2026-09-19",1402.65
263,1,"2026-09-20",1503.42
264,1,"2026-09-21",1621.43
265,2,"2026-09-22",1467.36
266,1,"2026-09-23",1778.86
267,2,"2026-09-24",1573.01
268,3,"2026-09-25",1611.28
269,3,"2026-09-26",1511.74
270,3,"2026-09-27",1667.3
271,1,"2026-09-28",1721.59
272,2,"2026-09-29",1542.43
273,3,"2026-09-30",1484.43
274,1,"2026-10-01",1724.15
275,3,"2026-10-02",1583.53
276,2,"2026-10-03",1698.92
277,1,"2026-10-04",1559.83
278,2,"2026-10-05",1463.87
279,1,"2026-10-06",1791.94
280,2,"2026-10-07",1546.64
281,1,"2026-10-08",1742.14
282,2,"2026-10-09",1722.21
283,2,"2026-10-10",1587.67
284,3,"2026-10-11",1501.89
285,3,"2026-10-12",1799.28
286,3,"2026-10-13",1609.77
287,3,"2026-10-14",1497.69
288,1,"2026-10-15",1681.46
289,2,"2026-10-16",1732.13
290,2,"2026-10-17",1768.98
291,2,"2026-10-18",1439.59
292,3,"2026-10-19",1531.86
293,2,"2026-10-20",1557.13
294,3,"2026-10-21",1462.37
295,3,"2026-10-22",1508.18
296,1,"2026-10-23",1453.6
297,1,"2026-10-24",1601.45
298,1,"2026-10-25",1720.8
299,3,"2026-10-26",1407.41
300,2,"2026-10-27",1656.5
301,1,"2026-10-28",1481.76
302,1,"2026-10-29",1465.49
303,3,"2026-10-30",1565.65
304,2,"2026-10-31",1673.02
305,3,"2026-11-01",1520.41
306,2,"2026-11-02",1505.34
307,1,"2026-11-03",1633.83
308,2,"2026-11-04",1454.26
309,1,"2026-11-05",1687.06
310,1,"2026-11-06",1738.9
311,2,"2026-11-07",1506.34
312,1,"2026-11-08",1605.05
313,1,"2026-11-09",1620.59
314,3,"2026-11-10",1556.03
315,1,"2026-11-11",1794.05
316,3,"2026-11-12",1476.73
317,2,"2026-11-13",1709.57
318,3,"2026-11-14",1401.32
319,3,"2026-11-15",1562.72
320,3,"2026-11-16",1791.49
321,2,"2026-11-17",1646.95
322,1,"2026-11-18",1539.72
323,3,"2026-11-19",1667.11
324,1,"2026-11-20",1403.45
325,2,"2026-11-21",1673.94
326,3,"2026-11-22",1422.85
327,3,"2026-11-23",1511.59
328,3,"2026-11-24",1548.57
329,3,"2026-11-25",1636.95
330,3,"2026-11-26",1762.99
331,1,"2026-11-27",1760.78
332,1,"2026-11-28",1602.42
333,2,"2026-11-29",1713.7
334,1,"2026-11-30",1773.97
335,3,"2026-12-01",1777.36
336,1,"2026-12-02",1435.65
337,2,"2026-12-03",1466.18
338,3,"2026-12-04",1775.3
339,3,"2026-12-05",1798.17
340,1,"2026-12-06",1635.65
341,3,"2026-12-07",1596.62
342,1,"2026-12-08",1522.47
343,2,"2026-12-09",1587.14
344,2,"2026-12-10",1657.18
345,3,"2026-12-11",1555.59
346,2,"2026-12-12",1472.77
347,2,"2026-12-13",1709.0
348,3,"2026-12-14",1427.1
349,3,"2026-12-15",1646.87
350,2,"2026-12-16",1567.07
351,3,"2026-12-17",1414.81
352,2,"2026-12-18",1777.09
353,1,"2026-12-19",1691.65
354,2,"2026-12-20",1771.51
355,1,"2026-12-21",1465.65
356,1,"2026-12-22",1401.06
357,3,"2026-12-23",1683.09
358,3,"2026-12-24",1772.48
359,1,"2026-12-25",1516.08
360,3,"2026-12-26",1405.93
361,1,"2026-12-27",1729.01
362,1,"2026-12-28",1543.88
363,1,"2026-12-29",1623.6
364,2,"2026-12-30",1469.19
365,2,"2026-12-31",1470.22
