"id","proveedor","pais","provincia","localidad","domicilio","telefono","email","responsable"
1,"Editorial Alba","Argentina","Buenos Aires","CABA","Av. Siempre Viva 123","1145678901","contacto@editorialalba.com","Juan Pérez"
2,"Ediciones del Sur","Argentina","Santa Fe","Rosario","Calle Córdoba 456","3414567890","info@edicionesdelsur.com","María Gómez"
3,"Editorial Andes","Chile","Santiago","Providencia","Av. Providencia 789","+56223456789","ventas@editorialandes.cl","Pedro Rodríguez"
4,"Casa Letras","México","Ciudad de México","Coyoacán","Calle Allende 321","5555123456","contacto@casaletras.mx","Ana Torres"
5,"Editorial Ibérica","España","Madrid","Chamberí","Calle Fuencarral 654","+34911234567","info@editorialiberica.es","Carlos Fernández"
6,"Ediciones Australis","Uruguay","Montevideo","Pocitos","Bulevar España 987","+59829876543","editorial@australis.uy","Lucía Fernández"
7,"Editorial Boreal","Canadá","Quebec","Montreal","Rue Sainte-Catherine 159","+15145551234","contact@editorialboreal.ca","Sophie Tremblay"
8,"Editorial Meridiano","Colombia","Bogotá D.C.","Chapinero","Carrera 13 #45-67","6013456789","info@editorialmeridiano.co","Diego Ramírez"
9,"Ediciones Norte Fuerte","Perú","Lima","Miraflores","Av. Larco 234","014567890","contacto@nortefuerte.pe","Valentina Castro"
10,"Editorial Austral Sur","Brasil","São Paulo","Pinheiros","Rua Augusta 852","+551134567890","contato@australsur.com.br","Rafael Souza"
