"id","codigo","nombre"
1,"AED","dírham de los Emiratos Árabes Unidos"
2,"AFN","afgani afgano"
3,"ALL","lek albanés"
4,"AMD","dram armenio"
5,"AOA","kuanza angoleño"
6,"ARS","peso argentino"
7,"AUD","dólar australiano"
8,"AWG","florín arubeño"
9,"AZN","manat azerbaiyano"
10,"BAM","marco convertible de Bosnia y Herzegovina"
11,"BBD","dólar barbadense"
12,"BDT","taka bangladesí"
13,"BHD","dinar bareiní"
14,"BIF","franco burundés"
15,"BMD","dólar bermudeño"
16,"BND","dólar bruneano"
17,"BOB","boliviano"
18,"BOV","MVDOL boliviano"
19,"BRL","real brasileño"
20,"BSD","dólar bahameño"
21,"BTN","gultrum butanés"
22,"BWP","pula botsuano"
23,"BYN","rublo bielorruso"
24,"BZD","dólar beliceño"
25,"CAD","dólar canadiense"
26,"CDF","franco congoleño"
27,"CHE","euro WIR"
28,"CHF","franco suizo"
29,"CHW","franco WIR"
30,"CLF","unidad de fomento chilena"
31,"CLP","peso chileno"
32,"CNY","yuan renminbi"
33,"COP","peso colombiano"
34,"COU","unidad de valor real colombiana"
35,"CRC","colón costarricense"
36,"CUP","peso cubano"
37,"CVE","escudo de Cabo Verde"
38,"CZK","corona checa"
39,"DJF","franco yibutiano"
40,"DKK","corona danesa"
41,"DOP","peso dominicano"
42,"DZD","dinar argelino"
43,"EGP","libra egipcia"
44,"ERN","nakfa eritreo"
45,"ETB","bir etíope"
46,"EUR","euro"
47,"FJD","dólar fiyiano"
48,"FKP","libra malvinense"
49,"GBP","libra esterlina"
50,"GEL","lari georgiano"
51,"GHS","cedi ghanés"
52,"GIP","libra gibraltareña"
53,"GMD","dalasi gambiano"
54,"GNF","franco guineano"
55,"GTQ","quetzal guatemalteco"
56,"GYD","dólar guyanés"
57,"HKD","dólar hongkonés"
58,"HNL","lempira hondureño"
59,"HTG","gurde haitiano"
60,"HUF","forinto húngaro"
61,"IDR","rupia indonesia"
62,"ILS","nuevo séquel israelí"
63,"INR","rupia india"
64,"IQD","dinar iraquí"
65,"IRR","rial iraní"
66,"ISK","corona islandesa"
67,"JMD","dólar jamaicano"
68,"JOD","dinar jordano"
69,"JPY","yen japonés"
70,"KES","chelín keniano"
71,"KGS","som kirguís"
72,"KHR","riel camboyano"
73,"KMF","franco comorense"
74,"KPW","won norcoreano"
75,"KRW","won surcoreano"
76,"KWD","dinar kuwaití"
77,"KYD","dólar de las Islas Caimán"
78,"KZT","tengue kazajo"
79,"LAK","kip laosiano"
80,"LBP","libra libanesa"
81,"LKR","rupia esrilanquesa"
82,"LRD","dólar liberiano"
83,"LSL","loti lesotense"
84,"LYD","dinar libio"
85,"MAD","dírham marroquí"
86,"MDL","leu moldavo"
87,"MGA","ariari malgache"
88,"MKD","dinar macedonio"
89,"MMK","kiat de Myanmar"
90,"MNT","tugrik mongol"
91,"MOP","pataca macaense"
92,"MRU","uguiya mauritano"
93,"MUR","rupia mauriciana"
94,"MVR","rufiya maldiva"
95,"MWK","kuacha malauí"
96,"MXN","peso mexicano"
97,"MXV","unidad de inversión (UDI) mexicana"
98,"MYR","ringit malasio"
99,"MZN","metical mozambiqueño"
100,"NAD","dólar namibio"
101,"NGN","naira nigeriano"
102,"NIO","córdoba oro"
103,"NOK","corona noruega"
104,"NPR","rupia nepalí"
105,"NZD","dólar neozelandés"
106,"OMR","rial omaní"
107,"PAB","balboa panameño"
108,"PEN","sol peruano"
109,"PGK","kina papú"
110,"PHP","peso filipino"
111,"PKR","rupia pakistaní"
112,"PLN","esloti polaco"
113,"PYG","guaraní paraguayo"
114,"QAR","rial catarí"
115,"RON","leu rumano"
116,"RSD","dinar serbio"
117,"RUB","rublo ruso"
118,"RWF","franco ruandés"
119,"SAR","rial saudí"
120,"SBD","dólar salomonense"
121,"SCR","rupia seychellense"
122,"SDG","libra sudanesa"
123,"SEK","corona sueca"
124,"SGD","dólar singapurense"
125,"SHP","libra de Santa Elena"
126,"SLE","leona sierraleonesa"
127,"SOS","chelín somalí"
128,"SRD","dólar surinamés"
129,"SSP","libra sursudanesa"
130,"STN","dobra santotomense"
131,"SVC","colón salvadoreño"
132,"SYP","libra siria"
133,"SZL","lilangeni esuatiní"
134,"THB","bat tailandés"
135,"TJS","somoni tayiko"
136,"TMT","manat turcomano"
137,"TND","dinar tunecino"
138,"TOP","paanga tongano"
139,"TRY","lira turca"
140,"TTD","dólar de Trinidad y Tobago"
141,"TWD","nuevo dólar taiwanés"
142,"TZS","chelín tanzano"
143,"UAH","grivna ucraniana"
144,"UGX","chelín ugandés"
145,"USD","dólar estadounidense"
146,"USN","dólar estadounidense (día siguiente)"
147,"UYI","peso uruguayo en unidades indexadas"
148,"UYU","peso uruguayo"
149,"UYW","unidad previsional uruguayo"
150,"UZS","sum uzbeko"
151,"VED","VED"
152,"VES","bolívar venezolano"
153,"VND","dong vietnamita"
154,"VUV","vatu vanuatense"
155,"WST","tala samoano"
156,"XAD","XAD"
157,"XAF","franco CFA de África Central"
158,"XAG","plata"
159,"XAU","oro"
160,"XBA","unidad compuesta europea"
161,"XBB","unidad monetaria europea"
162,"XBC","unidad de cuenta europea (XBC)"
163,"XBD","unidad de cuenta europea (XBD)"
164,"XCD","dólar del Caribe Oriental"
165,"XCG","florín caribeño"
166,"XDR","derechos especiales de giro"
167,"XOF","franco CFA de África Occidental"
168,"XPD","paladio"
169,"XPF","franco CFP"
170,"XPT","platino"
171,"XSU","XSU"
172,"XTS","código reservado para pruebas"
173,"XUA","XUA"
174,"XXX","moneda desconocida"
175,"YER","rial yemení"
176,"ZAR","rand sudafricano"
177,"ZMW","kuacha zambiano"
178,"ZWG","ZWG"
