"id","libro_id","moneda_id","valor"
1,1,145,68.45
2,2,145,197.32
3,3,145,117.49
4,4,145,115.51
5,5,145,53.58
6,6,145,9.79
7,7,145,11.66
8,8,145,59.59
9,9,145,46.45
10,10,145,125.01
11,11,145,110.05
12,12,145,118.81
13,13,145,87.52
14,14,145,107.86
15,15,145,7.78
16,16,145,40.32
17,17,145,39.71
18,18,145,23.7
19,19,145,142.1
20,20,145,5.92
21,21,145,121.44
22,22,145,140.23
23,23,145,72.19
24,24,145,24.67
25,25,145,144.44
26,26,145,3.71
27,27,145,112.09
28,28,145,21.43
29,29,145,121.14
30,30,145,66.96
